<?xml version="1.0" encoding="UTF-8"?>
<project-private xmlns="http://www.netbeans.org/ns/project-private/1">
    <editor-bookmarks xmlns="http://www.netbeans.org/ns/editor-bookmarks/2" lastBookmarkId="0"/>
    <open-files xmlns="http://www.netbeans.org/ns/projectui-open-files/2">
        <group>
            <file>file:/C:/Users/Mauricio/Documents/MeusDocumentos/Computador%20-%20Casa/Apostilas/2022/PrimeiroSemestre/SantaTecnicas/Bim01Aula09/Classes%20Abstratas/Abstrata01/src/abstrata01/Abstrata01.java</file>
            <file>file:/C:/Users/Mauricio/Documents/MeusDocumentos/Computador%20-%20Casa/Apostilas/2022/PrimeiroSemestre/SantaTecnicas/Bim01Aula09/Classes%20Abstratas/Abstrata01/src/abstrata01/Ex01.java</file>
        </group>
    </open-files>
</project-private>
