<?xml version="1.0" encoding="UTF-8"?>
<project-private xmlns="http://www.netbeans.org/ns/project-private/1">
    <editor-bookmarks xmlns="http://www.netbeans.org/ns/editor-bookmarks/2" lastBookmarkId="0"/>
    <open-files xmlns="http://www.netbeans.org/ns/projectui-open-files/2">
        <group>
            <file>file:/C:/Users/MauricioAsenjo/Documents/Computador%20-%20Casa/Apostilas/2016/Primeiro%20Semestre/Santa%20Java/Aula09/Interfaces/Interface02/src/interface01/ObjetoGeometrico.java</file>
            <file>file:/C:/Users/MauricioAsenjo/Documents/Computador%20-%20Casa/Apostilas/2016/Primeiro%20Semestre/Santa%20Java/Aula09/Interfaces/Interface02/src/interface01/Interface01.java</file>
        </group>
    </open-files>
</project-private>
